{
  "status": 2,
  "bfs_pivots": 2,
  "opt_pivots": 0,
  "x": [
    5.571428571428571,
    0.0,
    0.14285714285714285,
    0.0,
    0.0
  ],
  "basis": [
    0,
    2
  ],
  "objective": 5.571428571428571
}