{
  "status": 2,
  "bfs_pivots": 81,
  "opt_pivots": 56,
  "x": [
    2.1162790697674407,
    3.116279069767458,
    4.116279069767414,
    15.116279069767442,
    17.11627906976743,
    10.23255813953497,
    6.116279069767437,
    0.0,
    16.116279069767437,
    13.116279069767444,
    9.116279069767439,
    0.0,
    0.0,
    4.116279069767442,
    11.116279069767444,
    1.000000000000005,
    4.116279069767441,
    7.116279069767444,
    6.116279069767452,
    9.116279069767442,
    9.116279069767439,
    2.116279069767438,
    3.1162790697674367,
    4.116279069767442,
    0.0,
    9.00000000000002,
    4.116279069767438,
    1.0000000000000089,
    7.116279069767451,
    16.116279069767433,
    13.116279069767447,
    11.116279069767444,
    9.116279069767439,
    5.116279069767442,
    0.9999999999999899,
    11.11627906976744,
    6.116279069767442,
    4.116279069767442,
    7.1162790697676295,
    2.999999999999987,
    9.116279069767442,
    9.116279069767437,
    9.23255813953487,
    4.116279069767454,
    4.116279069767454,
    10.23255813953497,
    10.23255813953497,
    21.232558139534866,
    15.116279069767442,
    15.116279069767428,
    0.0,
    8.116279069767424,
    4.116279069767433,
    0.0,
    0.0,
    5.116279069767432,
    7.116279069767439,
    7.116279069767451,
    16.116279069767437,
    0.0,
    0.0,
    13.116279069767447,
    2.0000000000000067,
    0.0,
    9.11627906976744,
    0.0,
    5.116279069767439,
    5.116279069767442,
    4.116279069767442,
    3.1162790697674527,
    1.000000000000005,
    9.116279069767439,
    5.11627906976744,
    0.0,
    4.116279069767441,
    4.116279069767454,
    1.1162790697672784,
    10.23255813953497,
    0.0,
    3.11627906976745,
    9.116279069767442,
    9.116279069767442,
    1.1162790697674063,
    0.0,
    0.0,
    0.0,
    0.0,
    0.0,
    0.0
  ],
  "basis": [
    0,
    1,
    2,
    3,
    4,
    5,
    6,
    8,
    9,
    10,
    12,
    13,
    14,
    15,
    16,
    17,
    18,
    19,
    20,
    21,
    22,
    23,
    25,
    26,
    27,
    28,
    29,
    30,
    31,
    32,
    33,
    34,
    35,
    36,
    37,
    38,
    39,
    40,
    41,
    49,
    51,
    52,
    55,
    56,
    59,
    61,
    62,
    64,
    66,
    69,
    72,
    75,
    79,
    84,
    85,
    86
  ],
  "objective": 1.1162790697674256
}