{
  "status": 1,
  "objective": 3127.3013499999997,
  "p": [
    74.585587,
    71.401956,
    72.62651,
    69.691248,
    69.414083,
    69.401956,
    78.341096,
    88.627035,
    68.242579,
    74.661025,
    72.242579,
    70.242579,
    71.622406,
    64.242579,
    68.0,
    66.242579,
    64.242579,
    62.0,
    77.622406,
    60.837536,
    60.0
  ],
  "s": [
    6.788552,
    0,
    0,
    0,
    0,
    0,
    0,
    9.5567984,
    0,
    11.622272,
    9.2211749,
    0,
    0,
    0,
    0,
    0,
    0,
    0,
    6.8112032,
    0,
    0
  ],
  "w": [
    506.32813580002403,
    0.0,
    0.0,
    0.0,
    0.0,
    0.0,
    0.0,
    846.9907062847441,
    0.0,
    867.7307403487999,
    666.1614561860671,
    0.0,
    0.0,
    0.0,
    0.0,
    0.0,
    0.0,
    0.0,
    528.7019801388991,
    0.0,
    0.0
  ],
  "f": [
    1.5918153,
    0.9795383,
    1.6314464,
    2.585752,
    -0.40818468,
    1.0,
    -1.4286464,
    0.72433437,
    -1.2424442,
    -0.85044375,
    0.58575198,
    -3.4286464,
    6.128152,
    -1.0,
    -1.6899136,
    2.0,
    0.3798273,
    0.31008635,
    1.0606448,
    3.0,
    0.56064479,
    2.0,
    1.5675072,
    -2.0,
    -1.0,
    0.0,
    2.0,
    -4.8112032,
    1.4324928,
    1.0
  ]
}