{
  "status": 1,
  "objective": 3295.68598,
  "p": [
    74.503604,
    71.343573,
    72.603526,
    69.616891,
    69.362333,
    69.343573,
    78.483308,
    88.893145,
    68.221063,
    74.390851,
    72.243452,
    70.299425,
    71.583212,
    64.243452,
    68.0,
    66.243452,
    64.265841,
    62.0,
    77.583212,
    60.863375,
    60.0
  ],
  "s": [
    6.7295941,
    0,
    0,
    0,
    0,
    0,
    0,
    9.6678523,
    0,
    11.544445,
    9.266503,
    0,
    0,
    0,
    0,
    0,
    0,
    0,
    6.791606,
    0,
    0
  ],
  "w": [
    501.37901390713637,
    0.0,
    0.0,
    0.0,
    0.0,
    0.0,
    0.0,
    859.4057963424835,
    0.0,
    858.8010878726949,
    669.4441646883561,
    0.0,
    0.0,
    0.0,
    0.0,
    0.0,
    0.0,
    0.0,
    526.914608118472,
    0.0,
    0.0
  ],
  "f": [
    1.5800156,
    0.95003891,
    1.6289043,
    2.5706353,
    -0.41998444,
    1.0,
    -1.4699455,
    0.69791432,
    -1.1934899,
    -0.87552018,
    0.57063535,
    -3.4699455,
    6.1979067,
    -1.039181,
    -1.6810747,
    1.9888054,
    0.35095485,
    0.33011987,
    1.0608629,
    3.0,
    0.57485615,
    2.0111946,
    1.572675,
    -2.0,
    -1.0,
    -0.011194582,
    2.0,
    -4.791606,
    1.427325,
    1.0
  ]
}